[{"model": "sessions.session", "pk": "leq1c075ayugyrffhihse5s1wdzibdeh", "fields": {"session_data": ".eJxVjEsOwjAMRO-SNYpIYyUxS_acIbJjhxZQK_Wzqrg7ROoCljPvzewm07b2eVt0zoOYi3FgTr8lU3nq2Ig8aLxPtkzjOg9sm2IPutjbJPq6Hu7fQU9L39YdE4TKoOIhqqZzqCUkAMcUXVfQoQYELN_MIaYqgtxh9M57dMLm_QEcXThG:1sqjt1:gpbYLX5Dovvx620AHwG521qj-JlmQrsLzd-6qwymqLE", "expire_date": "2024-10-02T01:53:43.977Z"}}, {"model": "sessions.session", "pk": "t5gbf67w9r3qxqw5l7chjd35ugiznlz0", "fields": {"session_data": ".eJxVjEsOwjAMRO-SNYpIYyUxS_acIbJjhxZQK_Wzqrg7ROoCljPvzewm07b2eVt0zoOYi3FgTr8lU3nq2Ig8aLxPtkzjOg9sm2IPutjbJPq6Hu7fQU9L39YdE4TKoOIhqqZzqCUkAMcUXVfQoQYELN_MIaYqgtxh9M57dMLm_QEcXThG:1sqejN:hU4VcGXqU_sI-u47mbGDrJVEK2BWSdR6TTUlqGt8JZI", "expire_date": "2024-10-01T20:23:25.976Z"}}, {"model": "Album.album", "pk": 1, "fields": {"title": "Ego", "ReleaseDate": "2024-09-17T11:06:00Z", "price": 33.0, "Artist": 11, "picture": "albums-img/avatars-HzqeM5ArZZ7JxNWq-2jvrnw-t1080x1080.jpg", "bio": "we don't have bio here...", "slug": "ego-1", "genres": []}}, {"model": "Album.album", "pk": 2, "fields": {"title": "Seele EP", "ReleaseDate": "2024-09-17T11:06:00Z", "price": 33.0, "Artist": 11, "picture": "albums-img/a3212144997_10.jpg", "bio": "we don't have bio here...", "slug": "ego-1-1-1", "genres": []}}, {"model": "Album.album", "pk": 4, "fields": {"title": "Revolver", "ReleaseDate": "2024-09-17T22:53:24.111Z", "price": 3.0, "Artist": 1, "picture": "albums-img/876b1e54-b038-49f0-8d81-50a7191d4c6e_3000x3000.jpg", "bio": "don't have bio", "slug": "revolver", "genres": []}}, {"model": "Album.album", "pk": 5, "fields": {"title": "Rumours", "ReleaseDate": "2024-09-26T19:53:00Z", "price": 6.0, "Artist": 1, "picture": "albums-img/a1257463371_10.jpg", "bio": "don't have bio", "slug": "rumours", "genres": []}}, {"model": "Album.album", "pk": 6, "fields": {"title": "London Calling", "ReleaseDate": "2024-09-26T19:53:00Z", "price": 6.0, "Artist": 2, "picture": "albums-img/a1678743988_65.jpg", "bio": "don't have bio", "slug": "london-calling-1", "genres": []}}, {"model": "Album.album", "pk": 7, "fields": {"title": "Achtung Baby", "ReleaseDate": "2024-09-20T19:54:00Z", "price": 66.0, "Artist": 2, "picture": "albums-img/a2254294978_10.jpg", "bio": "don't have bio", "slug": "achtung-baby", "genres": []}}, {"model": "Album.album", "pk": 8, "fields": {"title": "The Joshua Tree", "ReleaseDate": "2024-09-27T19:54:00Z", "price": 66.0, "Artist": 3, "picture": "albums-img/maxresdefault.jpg", "bio": "don't have bio", "slug": "the-joshua-tree", "genres": []}}, {"model": "Album.album", "pk": 9, "fields": {"title": "Born in the U.S.A.", "ReleaseDate": "2024-09-27T19:54:00Z", "price": 44.0, "Artist": 3, "picture": "albums-img/a3609810957_65.jpg", "bio": "don't have bio", "slug": "born-in-the-usa", "genres": []}}, {"model": "Album.album", "pk": 10, "fields": {"title": "Goodbye Yellow Brick Road", "ReleaseDate": "2024-09-27T19:54:00Z", "price": 44.0, "Artist": 4, "picture": "albums-img/hqdefault.jpg", "bio": "don't have bio", "slug": "goodbye-yellow-brick-road", "genres": []}}, {"model": "Album.album", "pk": 11, "fields": {"title": "Trout Mask Replica", "ReleaseDate": "2024-10-02T19:54:00Z", "price": 44.0, "Artist": 5, "picture": "albums-img/0027897065_10.jpg", "bio": "don't have bio", "slug": "trout-mask-replica", "genres": []}}, {"model": "Album.album", "pk": 12, "fields": {"title": "Meet the Beatles", "ReleaseDate": "2024-10-11T19:54:00Z", "price": 44.0, "Artist": 5, "picture": "albums-img/e202e34545e2cc19860e1cf1343fd6d0.webp", "bio": "don't have bio", "slug": "meet-the-beatles", "genres": []}}, {"model": "Album.album", "pk": 13, "fields": {"title": "Here's Little Richard", "ReleaseDate": "2024-10-26T19:54:00Z", "price": 77.0, "Artist": 6, "picture": "albums-img/Haircuts_for_Men_-_когда_зло_господствует_Cover_art.jpeg", "bio": "don't have bio", "slug": "heres-little-richard", "genres": []}}, {"model": "Album.album", "pk": 14, "fields": {"title": "Stand!", "ReleaseDate": "2024-10-26T19:54:00Z", "price": 767.0, "Artist": 7, "picture": "albums-img/hqdefault_6LHR8DV.jpg", "bio": "don't have bio", "slug": "stand", "genres": []}}, {"model": "Album.album", "pk": 15, "fields": {"title": "Otis Blue", "ReleaseDate": "2024-10-26T19:54:00Z", "price": 767.0, "Artist": 8, "picture": "albums-img/a2241625156_10.jpg", "bio": "don't have bio", "slug": "otis-blue", "genres": []}}, {"model": "Album.album", "pk": 16, "fields": {"title": "Odelay", "ReleaseDate": "2024-10-26T19:54:00Z", "price": 767.0, "Artist": 8, "picture": "albums-img/hq720.jpg", "bio": "don't have bio", "slug": "odelay", "genres": []}}, {"model": "Album.album", "pk": 17, "fields": {"title": "1999", "ReleaseDate": "2024-10-26T19:54:00Z", "price": 767.0, "Artist": 9, "picture": "albums-img/a1529235696_10.jpg", "bio": "don't have bio", "slug": "1999", "genres": []}}, {"model": "Album.album", "pk": 18, "fields": {"title": "Tommy", "ReleaseDate": "2024-11-02T19:54:00Z", "price": 767.0, "Artist": 9, "picture": "albums-img/a2254294978_10_bprSMCt.jpg", "bio": "don't have bio", "slug": "tommy", "genres": []}}, {"model": "Album.album", "pk": 19, "fields": {"title": "The Miseducation of Lauryn Hill", "ReleaseDate": "2024-11-02T19:54:00Z", "price": 767.0, "Artist": 10, "picture": "albums-img/barber-beats-inspired-tshirts-v0-3dzjrejxgeqc1.webp", "bio": "don't have bio", "slug": "the-miseducation-of-lauryn-hill", "genres": []}}, {"model": "Album.album", "pk": 20, "fields": {"title": "Beggars Banquet", "ReleaseDate": "2024-11-02T19:54:00Z", "price": 767.0, "Artist": 10, "picture": "albums-img/a0034455805_65.jpg", "bio": "don't have bio", "slug": "beggars-banquet", "genres": []}}, {"model": "user.user", "fields": {"last_login": null, "is_superuser": false, "first_name": "", "last_name": "", "name": "david", "username": "david", "email": "david@gmail.com", "password": "pbkdf2_sha256$870000$Vyoa1mrLzoXeYn9jGYNC5L$S5G+VQuN3pcbGDioES4pUTpJa4os62qoTDr56yx5kM8=", "date_joined": "2024-09-17T11:48:54.172Z", "is_active": true, "picture": "user-img/Opium-logo_0dl9WA0.png", "slug": "david", "is_staff": false, "groups": [], "user_permissions": []}}, {"model": "user.user", "fields": {"last_login": null, "is_superuser": false, "first_name": "", "last_name": "", "name": "Oblique Occasions", "username": "Oblique Occasions", "email": "ObliqueOccasions@gmail.com", "password": "pbkdf2_sha256$870000$f3Y5dKCHGdG0Y0cWFyowvc$SlvKpc1gMz8/PGnGm04k6lhe62mY4pkhE0zQdnqtgpU=", "date_joined": "2024-09-17T12:10:36.505Z", "is_active": true, "picture": "user-img/0011696630_25.jpg", "slug": "oblique-occasions", "is_staff": false, "groups": [], "user_permissions": []}}, {"model": "user.user", "fields": {"last_login": null, "is_superuser": false, "first_name": "", "last_name": "", "name": "modest-by-default", "username": "computer data", "email": "teste2@gmail.com", "password": "pbkdf2_sha256$870000$uLLXTEeZEhfm3uzHAVcLDl$4n8npzO3Wj6KAZYVz0ZM/N1pKvUeXBb20Kw6JWgSWhE=", "date_joined": "2024-09-17T12:11:01.627Z", "is_active": true, "picture": "user-img/images_0yHyGxW.jpg", "slug": "modest-by-default", "is_staff": false, "groups": [], "user_permissions": []}}, {"model": "user.user", "fields": {"last_login": null, "is_superuser": false, "first_name": "", "last_name": "", "name": "MONODRONE", "username": "MONODRONE", "email": "MONODRONE@gmail.com", "password": "pbkdf2_sha256$870000$7QmI4iPw6LviNzmPOV8swk$rOR/hGUSi7UidfO6GiJ7bIpLfBRx5gb9l1wbhr3aSPg=", "date_joined": "2024-09-17T12:11:35.918Z", "is_active": true, "picture": "user-img/oTo9AU_O_400x400_5mlo1Yj.jpg", "slug": "monodrone", "is_staff": false, "groups": [], "user_permissions": []}}, {"model": "user.user", "fields": {"last_login": null, "is_superuser": false, "first_name": "", "last_name": "", "name": "slowerpace 音楽", "username": "slowerpace 音楽", "email": "slowerpace@gmail.com", "password": "pbkdf2_sha256$870000$YbGfwMaaUQetLwZniMNs6K$HhC195LiZF9RWbO6GFQcwyHp9J+BaWa40vj53uq+IbY=", "date_joined": "2024-09-17T12:12:25.118Z", "is_active": true, "picture": "user-img/avatars-HzqeM5ArZZ7JxNWq-2jvrnw-t1080x1080.jpg", "slug": "slowerpace", "is_staff": false, "groups": [], "user_permissions": []}}, {"model": "user.user", "fields": {"last_login": null, "is_superuser": false, "first_name": "", "last_name": "", "name": "Message Me Later", "username": "Message Me Later", "email": "MessageMeLater@gmail.com", "password": "pbkdf2_sha256$870000$ljYjlev3oha9lWp68T8z6D$67HmxumyG4UsWiSoyuS/Zz5EmaGEwNTQ8JgKgYm76V0=", "date_joined": "2024-09-17T12:13:03.672Z", "is_active": true, "picture": "user-img/a3609810957_65.jpg", "slug": "message-me-later", "is_staff": false, "groups": [], "user_permissions": []}}, {"model": "user.user", "fields": {"last_login": null, "is_superuser": false, "first_name": "", "last_name": "", "name": "Gods Of Something", "username": "Gods Of Something", "email": "GodsOfSomething@gmail.com", "password": "pbkdf2_sha256$870000$U28p1iYyuUU9HLk2bQZSb2$go/71KyHoBks4lRPzJvGUJFsC51OMH6hzsGgPHlLWec=", "date_joined": "2024-09-17T12:13:36.070Z", "is_active": true, "picture": "user-img/channels4_profile_8Tym6w2.jpg", "slug": "gods-of-something", "is_staff": false, "groups": [], "user_permissions": []}}, {"model": "user.user", "fields": {"last_login": null, "is_superuser": false, "first_name": "", "last_name": "", "name": "Machina pensant", "username": "Machina pensant", "email": "Machinapensant@gmail.com", "password": "pbkdf2_sha256$870000$dQiapldg1OMS7jUkG6u1qe$iX3HMACkqF5IJlARIQdk7Rd2eQ6xOA3Ox6Yvoax8Q2s=", "date_joined": "2024-09-17T12:14:05.272Z", "is_active": true, "picture": "user-img/a3765821519_2_9myfxJS.jpg", "slug": "machina-pensant", "is_staff": false, "groups": [], "user_permissions": []}}, {"model": "user.user", "fields": {"last_login": null, "is_superuser": false, "first_name": "", "last_name": "", "name": "OBSIDIAN DICTION", "username": "OBSIDIANDICTION", "email": "OBSIDIANDICTION@gmail.com", "password": "pbkdf2_sha256$870000$nILtqAFB824nLmSlWIkSx8$/8B5/J+CvVHpbvGj3ldSKKjyJitlFcYASKJiCaTBziE=", "date_joined": "2024-09-17T12:14:51.707Z", "is_active": true, "picture": "user-img/a3609810957_65_DUT3w6r.jpg", "slug": "obsidiandiction", "is_staff": false, "groups": [], "user_permissions": []}}, {"model": "user.user", "fields": {"last_login": null, "is_superuser": false, "first_name": "", "last_name": "", "name": "home", "username": "home", "email": "home@gmail.com", "password": "pbkdf2_sha256$870000$no5j456tqucSlljhvnnW8d$KFlfkGASiQjmvcQPLhxnXXh4+gHfQPUqrjU8a7e/Mu0=", "date_joined": "2024-09-17T12:15:39.193Z", "is_active": true, "picture": "user-img/e202e34545e2cc19860e1cf1343fd6d0.webp", "slug": "home", "is_staff": false, "groups": [], "user_permissions": []}}, {"model": "user.user", "fields": {"last_login": null, "is_superuser": false, "first_name": "", "last_name": "", "name": "Macroblank", "username": "Macroblank", "email": "Macroblank@gmail.com", "password": "pbkdf2_sha256$870000$55zgPHTIfFAo4AICutgNzS$8k0K0CvsON/PlsqKZ/8lPC66C/CmHABSkzWXA2mlbWI=", "date_joined": "2024-09-17T12:16:09.763Z", "is_active": true, "picture": "user-img/a2241625156_10.jpg", "slug": "macroblank", "is_staff": false, "groups": [], "user_permissions": []}}, {"model": "user.user", "fields": {"last_login": null, "is_superuser": false, "first_name": "", "last_name": "", "name": "defensor", "username": "defensor.1", "email": "defensor.1@gmail.com", "password": "pbkdf2_sha256$870000$oDrAovzBfDZtupSnwAznXK$DtmrtlWDtO/TbQjSX/J8m0NZ1gXxcJsWPqcZ4BclZbc=", "date_joined": "2024-09-17T13:41:51.494Z", "is_active": true, "picture": "user-img/vecteezy_synthwave-greek-statue-in-rain-80s-clipart-ai-generated_24282389_GYA8Oa9.png", "slug": "defensor1", "is_staff": false, "groups": [], "user_permissions": []}}, {"model": "user.user", "fields": {"last_login": null, "is_superuser": false, "first_name": "", "last_name": "", "name": "Computer Data", "username": "Computer data", "email": "computerdata@gmail.com", "password": "pbkdf2_sha256$870000$bzCdTCq1rBbO6GC8msECcj$pFnaVMzyS06V9O5rxRArdEvTdwGvnNoUQLXu3d5UcnQ=", "date_joined": "2024-09-17T13:58:48.343Z", "is_active": true, "picture": "user-img/channels4_profile_BfkymHN.jpg", "slug": "computer-data", "is_staff": false, "groups": [], "user_permissions": []}}, {"model": "user.user", "fields": {"last_login": "2024-09-18T01:53:43.972Z", "is_superuser": true, "first_name": "", "last_name": "", "name": "admin", "username": "admin", "email": "admin@gmail.com", "password": "pbkdf2_sha256$870000$SLr7bhmc5rjzsvycA5Beys$mSXajahi9REy5/eIoZ6BhOv7fEATwNROD1qGrS0g8lw=", "date_joined": "2024-09-17T20:23:15.839Z", "is_active": true, "picture": "", "slug": "admin", "is_staff": true, "groups": [], "user_permissions": []}}, {"model": "user.user", "fields": {"last_login": null, "is_superuser": false, "first_name": "", "last_name": "", "name": "admin12334", "username": "admin123", "email": "admin123@gmail.com", "password": "pbkdf2_sha256$870000$k0u6Ch72EJtN3CEFZ24w8n$Yr7dpIzdJMYC3suvpszvS1Cb3zII76cpFZmyH6IrtCU=", "date_joined": "2024-09-17T22:20:45.239Z", "is_active": true, "picture": "user-img/barber-beats-inspired-tshirts-v0-3dzjrejxgeqc1.webp", "slug": "admin123", "is_staff": false, "groups": [], "user_permissions": []}}, {"model": "user.user", "fields": {"last_login": null, "is_superuser": false, "first_name": "", "last_name": "", "name": "teste4", "username": "teste4", "email": "teste4@gmail.com", "password": "pbkdf2_sha256$870000$KVGu5lde7L9TgPjQ1cbWkI$KAIWfj7OJA695WF0aMj6B5XVCwUKV/kLSsCr7z8OfnI=", "date_joined": "2024-09-18T01:46:10.759Z", "is_active": true, "picture": "user-img/0011696630_25_VmwaPcB.jpg", "slug": "teste4", "is_staff": false, "groups": [], "user_permissions": []}}, {"model": "user.follow", "pk": 1, "fields": {"follower": ["david"], "following": ["Oblique Occasions"], "created_at": "2024-09-17T12:19:52.051Z"}}, {"model": "user.follow", "pk": 3, "fields": {"follower": ["david"], "following": ["MONODRONE"], "created_at": "2024-09-17T12:41:06.175Z"}}, {"model": "user.follow", "pk": 4, "fields": {"follower": ["david"], "following": ["OBSIDIANDICTION"], "created_at": "2024-09-17T12:42:24.088Z"}}, {"model": "user.follow", "pk": 5, "fields": {"follower": ["david"], "following": ["Gods Of Something"], "created_at": "2024-09-17T13:14:31.417Z"}}, {"model": "user.follow", "pk": 6, "fields": {"follower": ["david"], "following": ["Message Me Later"], "created_at": "2024-09-17T13:28:09.789Z"}}, {"model": "user.follow", "pk": 8, "fields": {"follower": ["defensor.1"], "following": ["MONODRONE"], "created_at": "2024-09-17T13:42:08.989Z"}}, {"model": "user.follow", "pk": 9, "fields": {"follower": ["defensor.1"], "following": ["Machina pensant"], "created_at": "2024-09-17T13:49:42.874Z"}}, {"model": "user.follow", "pk": 10, "fields": {"follower": ["computer data"], "following": ["Oblique Occasions"], "created_at": "2024-09-17T22:13:42.116Z"}}, {"model": "user.follow", "pk": 12, "fields": {"follower": ["admin123"], "following": ["MONODRONE"], "created_at": "2024-09-17T22:21:29.457Z"}}, {"model": "user.follow", "pk": 13, "fields": {"follower": ["admin123"], "following": ["Macroblank"], "created_at": "2024-09-17T22:23:44.094Z"}}, {"model": "user.follow", "pk": 15, "fields": {"follower": ["teste4"], "following": ["computer data"], "created_at": "2024-09-18T01:46:29.606Z"}}, {"model": "Track.track", "pk": 1, "fields": {"title": "I've Seen Footage 2", "artist": 1, "album": 1, "music_file": "music/Death_Grips_-_Guillotine.mp3", "duration": 44.0, "uploaded_at": "2024-09-17T11:38:00Z"}}, {"model": "Track.track", "pk": 2, "fields": {"title": "I've Seen Footage", "artist": 1, "album": 1, "music_file": "music/Death_Grips_-_Lost_Boys_dI3W8C7.mp3", "duration": 33.0, "uploaded_at": "2024-09-17T21:32:38.712Z"}}, {"model": "Track.track", "pk": 6, "fields": {"title": "Looks killa", "artist": 1, "album": 2, "music_file": "music/Death_Grips_-_Takyon_Death_Yon_eByIthy.mp3", "duration": 44.0, "uploaded_at": "2024-09-17T22:10:11.080Z"}}, {"model": "Track.track", "pk": 7, "fields": {"title": "get os", "artist": 1, "album": 2, "music_file": "music/Death_Grips_-_The_Fever_Aye_Aye.mp3", "duration": 44.0, "uploaded_at": "2024-09-17T22:10:20.126Z"}}, {"model": "Track.track", "pk": 8, "fields": {"title": "Playboi carti", "artist": 1, "album": 2, "music_file": "music/Death_Grips_-_Takyon_Death_Yon_3NquCGC.mp3", "duration": 44.0, "uploaded_at": "2024-09-17T22:10:29.742Z"}}, {"model": "Track.track", "pk": 9, "fields": {"title": "Destroy loney", "artist": 1, "album": 2, "music_file": "music/Death_Grips_-_Guillotine_eDQduDi.mp3", "duration": 44.0, "uploaded_at": "2024-09-17T22:10:39.561Z"}}, {"model": "Track.track", "pk": 10, "fields": {"title": "Bringing it All Back Home", "artist": 1, "album": 2, "music_file": "music/Death_Grips_-_Lost_Boys_XIG9ycC.mp3", "duration": 55.0, "uploaded_at": "2024-09-17T23:00:53.110Z"}}, {"model": "Track.track", "pk": 11, "fields": {"title": "Bringing it All Back Home 2", "artist": 1, "album": 2, "music_file": "music/Death_Grips_-_Guillotine_slgbxL4.mp3", "duration": 55.0, "uploaded_at": "2024-09-17T23:00:59.367Z"}}, {"model": "Track.track", "pk": 14, "fields": {"title": "Bringing it All Back Home", "artist": 1, "album": 4, "music_file": "music/Death_Grips_-_Guillotine_9RH3AVw.mp3", "duration": 55.0, "uploaded_at": "2024-09-17T23:01:25.120Z"}}, {"model": "Track.track", "pk": 15, "fields": {"title": "Bringing it All Back Home 2", "artist": 1, "album": 4, "music_file": "music/Death_Grips_-_Lost_Boys_vVx5jhb.mp3", "duration": 55.0, "uploaded_at": "2024-09-17T23:01:31.888Z"}}, {"model": "Track.track", "pk": 16, "fields": {"title": "Bringing it All Back Home 2", "artist": 1, "album": 7, "music_file": "music/Death_Grips_-_The_Fever_Aye_Aye_hARWHJ4.mp3", "duration": 55.0, "uploaded_at": "2024-09-17T20:02:00Z"}}, {"model": "Track.track", "pk": 17, "fields": {"title": "Bringing it All Back Home 2", "artist": 1, "album": 9, "music_file": "music/Death_Grips_-_Guillotine_6v0AClj.mp3", "duration": 55.0, "uploaded_at": "2024-09-17T20:02:00Z"}}, {"model": "Track.track", "pk": 18, "fields": {"title": "Bringing it All Back Home 2", "artist": 1, "album": 10, "music_file": "music/Death_Grips_-_Takyon_Death_Yon_fhlIh8k.mp3", "duration": 55.0, "uploaded_at": "2024-09-17T20:02:00Z"}}, {"model": "Track.track", "pk": 19, "fields": {"title": "Bringing it All Back Home 2", "artist": 1, "album": 11, "music_file": "music/Death_Grips_-_Get_Got_VhlCGPk.mp3", "duration": 55.0, "uploaded_at": "2024-09-17T20:02:00Z"}}, {"model": "Track.track", "pk": 20, "fields": {"title": "Bringing it All Back Home 2", "artist": 1, "album": 11, "music_file": "music/Death_Grips_-_Guillotine_V1I92Nx.mp3", "duration": 55.0, "uploaded_at": "2024-09-17T20:02:00Z"}}, {"model": "Track.track", "pk": 21, "fields": {"title": "Bringing it All Back Home 2", "artist": 1, "album": 12, "music_file": "music/Death_Grips_-_Ive_Seen_Footage_89XJsmV.mp3", "duration": 55.0, "uploaded_at": "2024-09-17T20:02:00Z"}}, {"model": "Track.track", "pk": 22, "fields": {"title": "Bringing it All Back Home 2", "artist": 1, "album": 13, "music_file": "music/Death_Grips_-_Get_Got_C9DwTRZ.mp3", "duration": 55.0, "uploaded_at": "2024-09-17T20:02:00Z"}}, {"model": "Track.track", "pk": 23, "fields": {"title": "Bringing it All Back Home 2", "artist": 1, "album": 15, "music_file": "music/Death_Grips_-_Takyon_Death_Yon_C2bxW3I.mp3", "duration": 55.0, "uploaded_at": "2024-09-17T20:02:00Z"}}, {"model": "Track.track", "pk": 24, "fields": {"title": "Bringing it All Back Home 2", "artist": 1, "album": 16, "music_file": "music/Death_Grips_-_Takyon_Death_Yon_3HKuFVw.mp3", "duration": 55.0, "uploaded_at": "2024-09-17T20:02:00Z"}}, {"model": "Track.track", "pk": 25, "fields": {"title": "Bringing it All Back Home 2", "artist": 1, "album": 17, "music_file": "music/Death_Grips_-_Get_Got_fDjofkQ.mp3", "duration": 55.0, "uploaded_at": "2024-09-17T20:02:00Z"}}, {"model": "Track.track", "pk": 26, "fields": {"title": "Bringing it All Back Home 2", "artist": 1, "album": 18, "music_file": "music/Death_Grips_-_Takyon_Death_Yon_T6ZS9Pn.mp3", "duration": 55.0, "uploaded_at": "2024-09-17T20:02:00Z"}}, {"model": "Track.track", "pk": 27, "fields": {"title": "Bringing it All Back Home 2", "artist": 1, "album": 19, "music_file": "music/Death_Grips_-_The_Fever_Aye_Aye_eRz430m.mp3", "duration": 55.0, "uploaded_at": "2024-09-17T20:02:00Z"}}, {"model": "Track.track", "pk": 28, "fields": {"title": "Bringing it All Back Home 2", "artist": 1, "album": 19, "music_file": "music/Death_Grips_-_Takyon_Death_Yon_u4KjTJi.mp3", "duration": 55.0, "uploaded_at": "2024-09-17T20:02:00Z"}}, {"model": "Track.track", "pk": 29, "fields": {"title": "Bringing it All Back Home 2", "artist": 1, "album": 20, "music_file": "music/Death_Grips_-_Get_Got_taDktTk.mp3", "duration": 55.0, "uploaded_at": "2024-09-17T20:02:00Z"}}, {"model": "Track.track", "pk": 30, "fields": {"title": "Bringing it All Back Home 2", "artist": 1, "album": 20, "music_file": "music/Death_Grips_-_The_Fever_Aye_Aye_irmtjTg.mp3", "duration": 55.0, "uploaded_at": "2024-09-17T20:02:00Z"}}, {"model": "Artist.artist", "pk": 1, "fields": {"user": ["Oblique Occasions"], "bio": "Vaporwave music producer based in Baltimore, Maryland.", "age": null, "gender": "male", "slug": "oblique-occasions", "soundcloud": "https://soundcloud.com/", "spotify": "https://www.spotify.com/"}}, {"model": "Artist.artist", "pk": 2, "fields": {"user": ["computer data"], "bio": "modest by default is a producer from Buenos Aires Province, Argentina.", "age": null, "gender": "male", "slug": "modest-by-default", "soundcloud": "https://soundcloud.com/", "spotify": "https://www.spotify.com/"}}, {"model": "Artist.artist", "pk": 3, "fields": {"user": ["MONODRONE"], "bio": "We don't have a wiki here yet...", "age": null, "gender": "male", "slug": "monodrone", "soundcloud": "https://soundcloud.com/", "spotify": "https://www.spotify.com/"}}, {"model": "Artist.artist", "pk": 4, "fields": {"user": ["slowerpace 音楽"], "bio": "There are at least artists with the name Monodrone.\r\n\r\n1. A vaporwave/barber beats producer", "age": null, "gender": "male", "slug": "slowerpace", "soundcloud": "https://soundcloud.com/", "spotify": "https://www.spotify.com/"}}, {"model": "Artist.artist", "pk": 5, "fields": {"user": ["Message Me Later"], "bio": "Message Me Later", "age": null, "gender": "male", "slug": "message-me-later", "soundcloud": "https://soundcloud.com/", "spotify": "https://www.spotify.com/"}}, {"model": "Artist.artist", "pk": 6, "fields": {"user": ["Gods Of Something"], "bio": "Just entertainment, nothing more.\r\n\r\nPractically everything is plundered.", "age": null, "gender": "male", "slug": "gods-of-something", "soundcloud": "https://soundcloud.com/", "spotify": "https://www.spotify.com/"}}, {"model": "Artist.artist", "pk": 7, "fields": {"user": ["Machina pensant"], "bio": "All is repurposed to bring new meaning and sentiments. I own not, I simply reuse. All is free.", "age": null, "gender": "male", "slug": "machina-pensant", "soundcloud": "https://soundcloud.com/", "spotify": "https://www.spotify.com/"}}, {"model": "Artist.artist", "pk": 8, "fields": {"user": ["OBSIDIANDICTION"], "bio": "Eternal Judge (styled as eternal judge) is a musician and graphic designer currently based in California. They were one of the earliest producers…", "age": null, "gender": "male", "slug": "obsidiandiction", "soundcloud": "https://soundcloud.com/", "spotify": "https://www.spotify.com/"}}, {"model": "Artist.artist", "pk": 9, "fields": {"user": ["home"], "bio": "We don't have a wiki here yet...", "age": null, "gender": "male", "slug": "home", "soundcloud": "https://soundcloud.com/", "spotify": "https://www.spotify.com/"}}, {"model": "Artist.artist", "pk": 10, "fields": {"user": ["Macroblank"], "bio": "We don't have a wiki here yet...", "age": null, "gender": "male", "slug": "macroblank", "soundcloud": "https://soundcloud.com/", "spotify": "https://www.spotify.com/"}}, {"model": "Artist.artist", "pk": 11, "fields": {"user": ["Computer data"], "bio": "We don't have a wiki here yet...", "age": null, "gender": "male", "slug": "computer-data", "soundcloud": "https://soundcloud.com/", "spotify": "https://www.spotify.com/"}}]